[
  {
    "model": "authtoken.token",
    "pk": "1e3f0cff518c25647c29865f618941f3f5b4699e",
    "fields": {
      "user": 1,
      "created": "2017-06-18T07:07:33.751Z"
    }
  },
  {
    "model": "authtoken.token",
    "pk": "757d64afe02aa17aeedfd084c515627d0100d1ad",
    "fields": {
      "user": 2,
      "created": "2017-06-18T07:09:56.829Z"
    }
  },
  {
    "model": "authtoken.token",
    "pk": "8d5053c383730b0d95cbacb42b4d9471a573fb70",
    "fields": {
      "user": 3,
      "created": "2017-06-18T07:12:17.953Z"
    }
  }
]
